DayOfWeek,Temperature_C,IsHoliday,DemandLevel
0,22.1,0,Low
1,21.5,0,Low
2,19.8,0,Low
3,25.4,0,High
4,26.1,0,High
5,23.0,0,High
6,24.5,0,High
0,15.2,1,High
1,18.5,0,Low
2,17.4,0,Low
3,20.1,0,Low
4,22.3,0,Low
5,19.5,0,High
6,21.0,0,High
0,24.0,0,Low
1,23.5,0,Low
2,26.8,0,High
3,28.5,0,High
4,22.1,0,Low
5,25.0,0,High
6,27.1,0,High
0,16.5,0,Low
1,14.2,0,Low
2,15.8,0,Low
3,19.9,0,Low
4,20.5,0,Low
5,21.1,0,High
6,22.0,0,High
0,18.0,1,High
1,19.5,0,Low
2,20.0,0,Low
3,24.1,0,Low
4,25.5,0,High
5,23.2,0,High
6,26.4,0,High
